company_id,overall_rating,overall_score,pros,cons,confidence_score,cashflow_health,cashflow_score,risk_level,allocation_quality,allocation_score,narrative
TORNTPHARM,Strong,70.25,Strong return on equity; Efficient capital allocation; Strong profit growth; Healthy free cash flow generation,Low earnings quality,31.25,Strong,70,MEDIUM,Excellent,90,TORNTPHARM demonstrates strong return on equity. Operating cash flow remains positive. Business converts profits into cash efficiently. Reported earnings may not be strongly supported by cash generation. Strong shareholder returns. Capital employed efficiently. Business requires modest capital investment. Key concern: low earnings quality. Overall rating: Strong.
BRITANNIA,Strong,70.25,Strong return on equity; Efficient capital allocation; Strong interest coverage; Healthy free cash flow generation,Low earnings quality,31.25,Strong,70,MEDIUM,Excellent,90,BRITANNIA demonstrates strong return on equity. Operating cash flow remains positive. Business converts profits into cash efficiently. Reported earnings may not be strongly supported by cash generation. Strong shareholder returns. Capital employed efficiently. Business requires modest capital investment. Key concern: low earnings quality. Overall rating: Strong.
ADANIPOWER,Strong,70.25,Strong return on equity; Efficient capital allocation; Healthy revenue growth; Healthy free cash flow generation,Low earnings quality,31.25,Strong,70,MEDIUM,Excellent,90,ADANIPOWER demonstrates strong return on equity. Operating cash flow remains positive. Business converts profits into cash efficiently. Reported earnings may not be strongly supported by cash generation. Strong shareholder returns. Capital employed efficiently. Business requires modest capital investment. Key concern: low earnings quality. Overall rating: Strong.
SUNPHARMA,Strong,69.5,Efficient capital allocation; Conservative balance sheet; Strong profit growth; Strong interest coverage; Healthy free cash flow generation,Low earnings quality,37.5,Strong,70,MEDIUM,Excellent,85,SUNPHARMA demonstrates efficient capital allocation. Operating cash flow remains positive. Business converts profits into cash efficiently. Reported earnings may not be strongly supported by cash generation. Capital employed efficiently. Balance sheet remains conservative. Business requires modest capital investment. Key concern: low earnings quality. Overall rating: Strong.
ABB,Strong,69.5,Strong return on equity; Efficient capital allocation; Conservative balance sheet; Strong profit growth; Strong interest coverage,Low earnings quality,37.5,Average,55,MEDIUM,Excellent,100,ABB demonstrates strong return on equity. Operating cash flow remains positive. Reported earnings may not be strongly supported by cash generation. Strong shareholder returns. Capital employed efficiently. Balance sheet remains conservative. Business requires modest capital investment. Key concern: low earnings quality. Overall rating: Strong.
NESTLEIND,Strong,68.25,Strong return on equity; Efficient capital allocation; Conservative balance sheet; Strong interest coverage,Low earnings quality,31.25,Average,55,MEDIUM,Excellent,100,NESTLEIND demonstrates strong return on equity. Operating cash flow remains positive. Reported earnings may not be strongly supported by cash generation. Strong shareholder returns. Capital employed efficiently. Balance sheet remains conservative. Business requires modest capital investment. Key concern: low earnings quality. Overall rating: Strong.
INFY,Strong,68.25,Strong return on equity; Efficient capital allocation; Conservative balance sheet; Strong interest coverage,Low earnings quality,31.25,Average,55,MEDIUM,Excellent,100,INFY demonstrates strong return on equity. Operating cash flow remains positive. Reported earnings may not be strongly supported by cash generation. Strong shareholder returns. Capital employed efficiently. Balance sheet remains conservative. Business requires modest capital investment. Key concern: low earnings quality. Overall rating: Strong.
ITC,Strong,68.25,Strong return on equity; Efficient capital allocation; Conservative balance sheet; Strong interest coverage,Low earnings quality,31.25,Average,55,MEDIUM,Excellent,100,ITC demonstrates strong return on equity. Operating cash flow remains positive. Reported earnings may not be strongly supported by cash generation. Strong shareholder returns. Capital employed efficiently. Balance sheet remains conservative. Business requires modest capital investment. Key concern: low earnings quality. Overall rating: Strong.
HCLTECH,Strong,68.25,Strong return on equity; Efficient capital allocation; Conservative balance sheet; Strong interest coverage,Low earnings quality,31.25,Average,55,MEDIUM,Excellent,100,HCLTECH demonstrates strong return on equity. Operating cash flow remains positive. Reported earnings may not be strongly supported by cash generation. Strong shareholder returns. Capital employed efficiently. Balance sheet remains conservative. Business requires modest capital investment. Key concern: low earnings quality. Overall rating: Strong.
BAJAJ-AUTO,Strong,68.25,Strong return on equity; Efficient capital allocation; Conservative balance sheet; Strong interest coverage,Low earnings quality,31.25,Average,55,MEDIUM,Excellent,100,BAJAJ-AUTO demonstrates strong return on equity. Operating cash flow remains positive. Reported earnings may not be strongly supported by cash generation. Strong shareholder returns. Capital employed efficiently. Balance sheet remains conservative. Business requires modest capital investment. Key concern: low earnings quality. Overall rating: Strong.
BOSCHLTD,Strong,68.25,Strong return on equity; Efficient capital allocation; Conservative balance sheet; Strong interest coverage,Low earnings quality,31.25,Average,55,MEDIUM,Excellent,100,BOSCHLTD demonstrates strong return on equity. Operating cash flow remains positive. Reported earnings may not be strongly supported by cash generation. Strong shareholder returns. Capital employed efficiently. Balance sheet remains conservative. Business requires modest capital investment. Key concern: low earnings quality. Overall rating: Strong.
TCS,Strong,68.25,Strong return on equity; Efficient capital allocation; Conservative balance sheet; Strong interest coverage,Low earnings quality,31.25,Average,55,MEDIUM,Excellent,100,TCS demonstrates strong return on equity. Operating cash flow remains positive. Reported earnings may not be strongly supported by cash generation. Strong shareholder returns. Capital employed efficiently. Balance sheet remains conservative. Business requires modest capital investment. Key concern: low earnings quality. Overall rating: Strong.
LT,Strong,67.0,Strong return on equity; Efficient capital allocation; Conservative balance sheet,Low earnings quality,25.0,Average,55,MEDIUM,Excellent,100,LT demonstrates strong return on equity. Operating cash flow remains positive. Reported earnings may not be strongly supported by cash generation. Strong shareholder returns. Capital employed efficiently. Balance sheet remains conservative. Business requires modest capital investment. Key concern: low earnings quality. Overall rating: Strong.
HEROMOTOCO,Strong,66.0,Strong return on equity; Efficient capital allocation; Conservative balance sheet; Strong interest coverage,Slow revenue growth; Weak profit growth; Weak cash conversion; Low earnings quality,50.0,Weak,40,HIGH,Excellent,100,HEROMOTOCO demonstrates strong return on equity. Operating cash flow remains positive. Weak cash conversion may impact future growth. Reported earnings may not be strongly supported by cash generation. Strong shareholder returns. Capital employed efficiently. Balance sheet remains conservative. Business requires modest capital investment. Key concern: slow revenue growth. Overall rating: Strong.
IRCTC,Strong,66.0,Strong return on equity; Efficient capital allocation; Conservative balance sheet; Healthy revenue growth; Strong profit growth; Strong interest coverage,Weak cash conversion; Low earnings quality,50.0,Weak,40,HIGH,Excellent,100,IRCTC demonstrates strong return on equity. Operating cash flow remains positive. Weak cash conversion may impact future growth. Reported earnings may not be strongly supported by cash generation. Strong shareholder returns. Capital employed efficiently. Balance sheet remains conservative. Business requires modest capital investment. Key concern: weak cash conversion. Overall rating: Strong.
TRENT,Strong,64.75,Strong return on equity; Efficient capital allocation; Conservative balance sheet; Healthy revenue growth; Strong profit growth,Weak cash conversion; Low earnings quality,43.75,Weak,40,HIGH,Excellent,100,TRENT demonstrates strong return on equity. Operating cash flow remains positive. Weak cash conversion may impact future growth. Reported earnings may not be strongly supported by cash generation. Strong shareholder returns. Capital employed efficiently. Balance sheet remains conservative. Business requires modest capital investment. Key concern: weak cash conversion. Overall rating: Strong.
COALINDIA,Strong,64.75,Strong return on equity; Efficient capital allocation; Conservative balance sheet; Strong profit growth; Strong interest coverage,Weak cash conversion; Low earnings quality,43.75,Weak,40,HIGH,Excellent,100,COALINDIA demonstrates strong return on equity. Operating cash flow remains positive. Weak cash conversion may impact future growth. Reported earnings may not be strongly supported by cash generation. Strong shareholder returns. Capital employed efficiently. Balance sheet remains conservative. Business requires modest capital investment. Key concern: weak cash conversion. Overall rating: Strong.
LICI,Strong,64.75,Strong return on equity; Efficient capital allocation; Conservative balance sheet; Strong profit growth; Strong interest coverage,Weak cash conversion; Low earnings quality,43.75,Weak,40,HIGH,Excellent,100,LICI demonstrates strong return on equity. Operating cash flow remains positive. Weak cash conversion may impact future growth. Reported earnings may not be strongly supported by cash generation. Strong shareholder returns. Capital employed efficiently. Balance sheet remains conservative. Business requires modest capital investment. Key concern: weak cash conversion. Overall rating: Strong.
ASIANPAINT,Strong,64.75,Strong return on equity; Efficient capital allocation; Conservative balance sheet; Strong profit growth; Strong interest coverage,Weak cash conversion; Low earnings quality,43.75,Weak,40,HIGH,Excellent,100,ASIANPAINT demonstrates strong return on equity. Operating cash flow remains positive. Weak cash conversion may impact future growth. Reported earnings may not be strongly supported by cash generation. Strong shareholder returns. Capital employed efficiently. Balance sheet remains conservative. Business requires modest capital investment. Key concern: weak cash conversion. Overall rating: Strong.
BPCL,Strong,64.25,Strong return on equity; Efficient capital allocation; Strong profit growth; Strong interest coverage,Low earnings quality,31.25,Average,55,MEDIUM,Excellent,90,BPCL demonstrates strong return on equity. Operating cash flow remains positive. Reported earnings may not be strongly supported by cash generation. Strong shareholder returns. Capital employed efficiently. Business requires modest capital investment. Key concern: low earnings quality. Overall rating: Strong.
IOC,Strong,64.25,Strong return on equity; Efficient capital allocation; Strong profit growth; Strong interest coverage,Low earnings quality,31.25,Average,55,MEDIUM,Excellent,90,IOC demonstrates strong return on equity. Operating cash flow remains positive. Reported earnings may not be strongly supported by cash generation. Strong shareholder returns. Capital employed efficiently. Business requires modest capital investment. Key concern: low earnings quality. Overall rating: Strong.
HINDUNILVR,Strong,63.5,Strong return on equity; Efficient capital allocation; Conservative balance sheet; Strong interest coverage,Weak cash conversion; Low earnings quality,37.5,Weak,40,HIGH,Excellent,100,HINDUNILVR demonstrates strong return on equity. Operating cash flow remains positive. Weak cash conversion may impact future growth. Reported earnings may not be strongly supported by cash generation. Strong shareholder returns. Capital employed efficiently. Balance sheet remains conservative. Business requires modest capital investment. Key concern: weak cash conversion. Overall rating: Strong.
LTIM,Strong,62.0,Strong return on equity; Efficient capital allocation; Conservative balance sheet; Healthy revenue growth; Strong profit growth; Strong interest coverage,Weak cash conversion; Low earnings quality,50.0,Weak,40,HIGH,Excellent,90,LTIM demonstrates strong return on equity. Operating cash flow remains positive. Weak cash conversion may impact future growth. Reported earnings may not be strongly supported by cash generation. Strong shareholder returns. Capital employed efficiently. Balance sheet remains conservative. Key concern: weak cash conversion. Overall rating: Strong.
INDIGO,Strong,62.0,Strong return on equity; Efficient capital allocation; Conservative balance sheet; Healthy revenue growth; Strong profit growth; Strong interest coverage,Weak cash conversion; Low earnings quality,50.0,Weak,40,HIGH,Excellent,90,INDIGO demonstrates strong return on equity. Operating cash flow remains positive. Weak cash conversion may impact future growth. Reported earnings may not be strongly supported by cash generation. Strong shareholder returns. Capital employed efficiently. Balance sheet remains conservative. Key concern: weak cash conversion. Overall rating: Strong.
EICHERMOT,Average,59.5,Strong return on equity; Efficient capital allocation; Conservative balance sheet; Strong interest coverage,Weak cash conversion; Low earnings quality,37.5,Weak,40,HIGH,Excellent,90,EICHERMOT demonstrates strong return on equity. Operating cash flow remains positive. Weak cash conversion may impact future growth. Reported earnings may not be strongly supported by cash generation. Strong shareholder returns. Capital employed efficiently. Balance sheet remains conservative. Key concern: weak cash conversion. Overall rating: Average.
PIDILITIND,Average,59.5,Strong return on equity; Efficient capital allocation; Conservative balance sheet; Strong interest coverage,Weak cash conversion; Low earnings quality,37.5,Weak,40,HIGH,Excellent,90,PIDILITIND demonstrates strong return on equity. Operating cash flow remains positive. Weak cash conversion may impact future growth. Reported earnings may not be strongly supported by cash generation. Strong shareholder returns. Capital employed efficiently. Balance sheet remains conservative. Key concern: weak cash conversion. Overall rating: Average.
TATAMOTORS,Average,59.0,Strong return on equity; Efficient capital allocation,High leverage levels; Low earnings quality,25.0,Average,55,MEDIUM,Excellent,80,TATAMOTORS demonstrates strong return on equity. Operating cash flow remains positive. Reported earnings may not be strongly supported by cash generation. Strong shareholder returns. Capital employed efficiently. High leverage may reduce flexibility. Business requires modest capital investment. Key concern: high leverage levels. Overall rating: Average.
DMART,Average,58.75,Efficient capital allocation; Conservative balance sheet; Healthy revenue growth; Strong profit growth; Strong interest coverage,Weak cash conversion; Low earnings quality,43.75,Weak,40,HIGH,Excellent,85,DMART demonstrates efficient capital allocation. Operating cash flow remains positive. Weak cash conversion may impact future growth. Reported earnings may not be strongly supported by cash generation. Capital employed efficiently. Balance sheet remains conservative. Business requires modest capital investment. Key concern: weak cash conversion. Overall rating: Average.
SIEMENS,Average,57.5,Efficient capital allocation; Conservative balance sheet; Strong profit growth; Strong interest coverage,Weak cash conversion; Low earnings quality,37.5,Weak,40,HIGH,Excellent,85,SIEMENS demonstrates efficient capital allocation. Operating cash flow remains positive. Weak cash conversion may impact future growth. Reported earnings may not be strongly supported by cash generation. Capital employed efficiently. Balance sheet remains conservative. Business requires modest capital investment. Key concern: weak cash conversion. Overall rating: Average.
DABUR,Average,57.5,Efficient capital allocation; Conservative balance sheet; Strong interest coverage,Weak profit growth; Weak cash conversion; Low earnings quality,37.5,Weak,40,HIGH,Excellent,85,DABUR demonstrates efficient capital allocation. Operating cash flow remains positive. Weak cash conversion may impact future growth. Reported earnings may not be strongly supported by cash generation. Capital employed efficiently. Balance sheet remains conservative. Business requires modest capital investment. Key concern: weak profit growth. Overall rating: Average.
TECHM,Average,57.5,Conservative balance sheet; Strong interest coverage; Healthy free cash flow generation,Low shareholder returns; Weak profit growth; Low earnings quality,37.5,Strong,70,MEDIUM,Average,55,TECHM demonstrates conservative balance sheet. Operating cash flow remains positive. Business converts profits into cash efficiently. Reported earnings may not be strongly supported by cash generation. Low shareholder returns. Balance sheet remains conservative. Business requires modest capital investment. Key concern: low shareholder returns. Overall rating: Average.
BAJAJHLDNG,Average,56.75,Conservative balance sheet; Healthy revenue growth; Strong profit growth; Strong interest coverage; Healthy free cash flow generation,Low earnings quality; High capital expenditure requirements,43.75,Strong,70,MEDIUM,Average,50,BAJAJHLDNG demonstrates conservative balance sheet. Operating cash flow remains positive. Business converts profits into cash efficiently. Reported earnings may not be strongly supported by cash generation. Balance sheet remains conservative. Business requires significant capital investment. Key concern: low earnings quality. Overall rating: Average.
TITAN,Average,56.75,Strong return on equity; Efficient capital allocation; Healthy revenue growth; Strong profit growth,High leverage levels; Weak cash conversion; Low earnings quality,43.75,Weak,40,HIGH,Excellent,80,TITAN demonstrates strong return on equity. Operating cash flow remains positive. Weak cash conversion may impact future growth. Reported earnings may not be strongly supported by cash generation. Strong shareholder returns. Capital employed efficiently. High leverage may reduce flexibility. Business requires modest capital investment. Key concern: high leverage levels. Overall rating: Average.
ICICIGI,Average,56.25,Efficient capital allocation; Conservative balance sheet; Strong interest coverage,Weak cash conversion; Low earnings quality,31.25,Weak,40,HIGH,Excellent,85,ICICIGI demonstrates efficient capital allocation. Operating cash flow remains positive. Weak cash conversion may impact future growth. Reported earnings may not be strongly supported by cash generation. Capital employed efficiently. Balance sheet remains conservative. Business requires modest capital investment. Key concern: weak cash conversion. Overall rating: Average.
MARUTI,Average,56.25,Efficient capital allocation; Conservative balance sheet; Strong interest coverage,Weak cash conversion; Low earnings quality,31.25,Weak,40,HIGH,Excellent,85,MARUTI demonstrates efficient capital allocation. Operating cash flow remains positive. Weak cash conversion may impact future growth. Reported earnings may not be strongly supported by cash generation. Capital employed efficiently. Balance sheet remains conservative. Business requires modest capital investment. Key concern: weak cash conversion. Overall rating: Average.
ONGC,Average,56.25,Efficient capital allocation; Conservative balance sheet; Strong interest coverage,Weak cash conversion; Low earnings quality,31.25,Weak,40,HIGH,Excellent,85,ONGC demonstrates efficient capital allocation. Operating cash flow remains positive. Weak cash conversion may impact future growth. Reported earnings may not be strongly supported by cash generation. Capital employed efficiently. Balance sheet remains conservative. Business requires modest capital investment. Key concern: weak cash conversion. Overall rating: Average.
HAVELLS,Average,56.25,Efficient capital allocation; Conservative balance sheet; Strong interest coverage,Weak cash conversion; Low earnings quality,31.25,Weak,40,HIGH,Excellent,85,HAVELLS demonstrates efficient capital allocation. Operating cash flow remains positive. Weak cash conversion may impact future growth. Reported earnings may not be strongly supported by cash generation. Capital employed efficiently. Balance sheet remains conservative. Business requires modest capital investment. Key concern: weak cash conversion. Overall rating: Average.
HAL,Average,55.5,Strong return on equity; Efficient capital allocation; Strong profit growth; Strong interest coverage,Weak cash conversion; Low earnings quality,37.5,Weak,40,HIGH,Excellent,80,HAL demonstrates strong return on equity. Operating cash flow remains positive. Weak cash conversion may impact future growth. Reported earnings may not be strongly supported by cash generation. Strong shareholder returns. Capital employed efficiently. Key concern: weak cash conversion. Overall rating: Average.
HDFCLIFE,Average,54.75,Efficient capital allocation; Conservative balance sheet; Healthy revenue growth; Strong interest coverage,Weak profit growth; Weak cash conversion; Low earnings quality,43.75,Weak,40,HIGH,Strong,75,HDFCLIFE demonstrates efficient capital allocation. Operating cash flow remains positive. Weak cash conversion may impact future growth. Reported earnings may not be strongly supported by cash generation. Capital employed efficiently. Balance sheet remains conservative. Key concern: weak profit growth. Overall rating: Average.
DRREDDY,Average,53.5,Efficient capital allocation; Conservative balance sheet; Strong profit growth; Strong interest coverage,Weak cash conversion; Low earnings quality,37.5,Weak,40,HIGH,Strong,75,DRREDDY demonstrates efficient capital allocation. Operating cash flow remains positive. Weak cash conversion may impact future growth. Reported earnings may not be strongly supported by cash generation. Capital employed efficiently. Balance sheet remains conservative. Key concern: weak cash conversion. Overall rating: Average.
CIPLA,Average,53.5,Efficient capital allocation; Conservative balance sheet; Strong profit growth; Strong interest coverage,Weak cash conversion; Low earnings quality,37.5,Weak,40,HIGH,Strong,75,CIPLA demonstrates efficient capital allocation. Operating cash flow remains positive. Weak cash conversion may impact future growth. Reported earnings may not be strongly supported by cash generation. Capital employed efficiently. Balance sheet remains conservative. Key concern: weak cash conversion. Overall rating: Average.
BEL,Average,52.75,Strong return on equity; Efficient capital allocation; Strong profit growth; Strong interest coverage,Weak cash conversion; Low earnings quality; High capital expenditure requirements,43.75,Weak,40,HIGH,Strong,70,BEL demonstrates strong return on equity. Operating cash flow remains positive. Weak cash conversion may impact future growth. Reported earnings may not be strongly supported by cash generation. Strong shareholder returns. Capital employed efficiently. Business requires significant capital investment. Key concern: weak cash conversion. Overall rating: Average.
SHREECEM,Average,51.5,Efficient capital allocation; Conservative balance sheet; Strong interest coverage,Low shareholder returns; Weak cash conversion; Low earnings quality,37.5,Weak,40,HIGH,Strong,70,SHREECEM demonstrates efficient capital allocation. Operating cash flow remains positive. Weak cash conversion may impact future growth. Reported earnings may not be strongly supported by cash generation. Low shareholder returns. Capital employed efficiently. Balance sheet remains conservative. Business requires modest capital investment. Key concern: low shareholder returns. Overall rating: Average.
APOLLOHOSP,Average,51.0,Efficient capital allocation; Strong profit growth,Weak cash conversion; Low earnings quality,25.0,Weak,40,HIGH,Strong,75,APOLLOHOSP demonstrates efficient capital allocation. Operating cash flow remains positive. Weak cash conversion may impact future growth. Reported earnings may not be strongly supported by cash generation. Capital employed efficiently. Business requires modest capital investment. Key concern: weak cash conversion. Overall rating: Average.
DIVISLAB,Average,50.25,Conservative balance sheet; Strong interest coverage,Weak profit growth; Weak cash conversion; Low earnings quality,31.25,Weak,40,HIGH,Strong,70,DIVISLAB demonstrates conservative balance sheet. Operating cash flow remains positive. Weak cash conversion may impact future growth. Reported earnings may not be strongly supported by cash generation. Balance sheet remains conservative. Business requires modest capital investment. Key concern: weak profit growth. Overall rating: Average.
MOTHERSON,Average,49.75,Efficient capital allocation,Weak cash conversion; Low earnings quality,18.75,Weak,40,HIGH,Strong,75,MOTHERSON demonstrates efficient capital allocation. Operating cash flow remains positive. Weak cash conversion may impact future growth. Reported earnings may not be strongly supported by cash generation. Capital employed efficiently. Business requires modest capital investment. Key concern: weak cash conversion. Overall rating: Average.
GAIL,Average,49.0,Conservative balance sheet; Strong interest coverage,Weak cash conversion; Low earnings quality,25.0,Weak,40,HIGH,Strong,70,GAIL demonstrates conservative balance sheet. Operating cash flow remains positive. Weak cash conversion may impact future growth. Reported earnings may not be strongly supported by cash generation. Balance sheet remains conservative. Business requires modest capital investment. Key concern: weak cash conversion. Overall rating: Average.
HINDALCO,Average,46.25,Efficient capital allocation; Strong interest coverage,Low shareholder returns; Weak cash conversion; Low earnings quality,31.25,Weak,40,HIGH,Average,60,HINDALCO demonstrates efficient capital allocation. Operating cash flow remains positive. Weak cash conversion may impact future growth. Reported earnings may not be strongly supported by cash generation. Low shareholder returns. Capital employed efficiently. Business requires modest capital investment. Key concern: low shareholder returns. Overall rating: Average.
SBILIFE,Average,46.25,Conservative balance sheet; Healthy revenue growth; Strong interest coverage,Weak cash conversion; Low earnings quality,31.25,Weak,40,HIGH,Average,60,SBILIFE demonstrates conservative balance sheet. Operating cash flow remains positive. Weak cash conversion may impact future growth. Reported earnings may not be strongly supported by cash generation. Balance sheet remains conservative. Key concern: weak cash conversion. Overall rating: Average.
JINDALSTEL,Average,45.0,Conservative balance sheet,Slow revenue growth; Weak cash conversion; Low earnings quality,25.0,Weak,40,HIGH,Average,60,JINDALSTEL demonstrates conservative balance sheet. Operating cash flow remains positive. Weak cash conversion may impact future growth. Reported earnings may not be strongly supported by cash generation. Balance sheet remains conservative. Key concern: slow revenue growth. Overall rating: Average.
AMBUJACEM,Weak,43.5,Conservative balance sheet; Strong interest coverage,Slow revenue growth; Weak cash conversion; Low earnings quality; High capital expenditure requirements,37.5,Weak,40,HIGH,Average,50,AMBUJACEM demonstrates conservative balance sheet. Operating cash flow remains positive. Weak cash conversion may impact future growth. Reported earnings may not be strongly supported by cash generation. Balance sheet remains conservative. Business requires significant capital investment. Key concern: slow revenue growth. Overall rating: Weak.
TATACONSUM,Weak,42.75,Conservative balance sheet; Healthy revenue growth; Strong profit growth; Strong interest coverage,Low shareholder returns; Weak cash conversion; Low earnings quality,43.75,Weak,40,HIGH,Weak,45,TATACONSUM demonstrates conservative balance sheet. Operating cash flow remains positive. Weak cash conversion may impact future growth. Reported earnings may not be strongly supported by cash generation. Low shareholder returns. Balance sheet remains conservative. Key concern: low shareholder returns. Overall rating: Weak.
JSWSTEEL,Weak,42.25,Healthy revenue growth,High leverage levels; Weak profit growth; Weak cash conversion; Low earnings quality,31.25,Weak,40,HIGH,Average,50,JSWSTEEL demonstrates healthy revenue growth. Operating cash flow remains positive. Weak cash conversion may impact future growth. Reported earnings may not be strongly supported by cash generation. High leverage may reduce flexibility. Business requires modest capital investment. Key concern: high leverage levels. Overall rating: Weak.
ADANIPORTS,Weak,41.75,Healthy revenue growth,Low earnings quality; High capital expenditure requirements,18.75,Average,55,MEDIUM,Weak,40,ADANIPORTS demonstrates healthy revenue growth. Operating cash flow remains positive. Reported earnings may not be strongly supported by cash generation. Business requires significant capital investment. Key concern: low earnings quality. Overall rating: Weak.
BHARTIARTL,Weak,41.5,Efficient capital allocation; Strong profit growth,High leverage levels; Weak cash conversion; Low earnings quality; High capital expenditure requirements,37.5,Weak,40,HIGH,Weak,45,BHARTIARTL demonstrates efficient capital allocation. Operating cash flow remains positive. Weak cash conversion may impact future growth. Reported earnings may not be strongly supported by cash generation. Capital employed efficiently. High leverage may reduce flexibility. Business requires significant capital investment. Key concern: high leverage levels. Overall rating: Weak.
LODHA,Weak,38.75,Conservative balance sheet,Slow revenue growth; Low shareholder returns; Weak profit growth; Weak cash conversion; Low earnings quality; High capital expenditure requirements,43.75,Weak,40,HIGH,Weak,35,LODHA demonstrates conservative balance sheet. Operating cash flow remains positive. Weak cash conversion may impact future growth. Reported earnings may not be strongly supported by cash generation. Low shareholder returns. Balance sheet remains conservative. Business requires significant capital investment. Key concern: slow revenue growth. Overall rating: Weak.
ICICIPRULI,Weak,38.0,Efficient capital allocation; Conservative balance sheet; Healthy revenue growth; Strong interest coverage,Low shareholder returns; Weak profit growth; Weak cash conversion; Low earnings quality,50.0,Poor,0,HIGH,Strong,70,ICICIPRULI demonstrates efficient capital allocation. Negative operating cash flow is a warning sign. Weak cash conversion may impact future growth. Reported earnings may not be strongly supported by cash generation. Low shareholder returns. Capital employed efficiently. Balance sheet remains conservative. Business requires modest capital investment. Key concern: low shareholder returns. Overall rating: Weak.
POWERGRID,Weak,37.75,No major strengths identified,High leverage levels; Low earnings quality; High capital expenditure requirements,18.75,Average,55,MEDIUM,Poor,30,POWERGRID demonstrates stable operating profile. Operating cash flow remains positive. Reported earnings may not be strongly supported by cash generation. High leverage may reduce flexibility. Business requires significant capital investment. Key concern: high leverage levels. Overall rating: Weak.
CANBK,Weak,37.5,Healthy revenue growth; Strong profit growth,High leverage levels; Weak interest coverage; Weak cash conversion; Low earnings quality,37.5,Weak,40,HIGH,Weak,35,CANBK demonstrates healthy revenue growth. Operating cash flow remains positive. Weak cash conversion may impact future growth. Reported earnings may not be strongly supported by cash generation. Weak capital efficiency. High leverage may reduce flexibility. Business requires modest capital investment. Key concern: high leverage levels. Overall rating: Weak.
IRFC,Weak,37.5,Healthy revenue growth; Strong profit growth,High leverage levels; Weak interest coverage; Weak cash conversion; Low earnings quality,37.5,Weak,40,HIGH,Weak,35,IRFC demonstrates healthy revenue growth. Operating cash flow remains positive. Weak cash conversion may impact future growth. Reported earnings may not be strongly supported by cash generation. Weak capital efficiency. High leverage may reduce flexibility. Business requires modest capital investment. Key concern: high leverage levels. Overall rating: Weak.
HDFCBANK,Weak,37.5,Healthy revenue growth; Strong profit growth,High leverage levels; Weak interest coverage; Weak cash conversion; Low earnings quality,37.5,Weak,40,HIGH,Weak,35,HDFCBANK demonstrates healthy revenue growth. Operating cash flow remains positive. Weak cash conversion may impact future growth. Reported earnings may not be strongly supported by cash generation. Weak capital efficiency. High leverage may reduce flexibility. Business requires modest capital investment. Key concern: high leverage levels. Overall rating: Weak.
PNB,Weak,37.0,Strong return on equity; Healthy revenue growth,High leverage levels; Low earnings quality,25.0,Poor,15,HIGH,Strong,65,PNB demonstrates strong return on equity. Negative operating cash flow is a warning sign. Reported earnings may not be strongly supported by cash generation. Strong shareholder returns. High leverage may reduce flexibility. Business requires modest capital investment. Key concern: high leverage levels. Overall rating: Weak.
TATAPOWER,Weak,37.0,Healthy revenue growth,High leverage levels; Weak cash conversion; Low earnings quality,25.0,Weak,40,HIGH,Weak,40,TATAPOWER demonstrates healthy revenue growth. Operating cash flow remains positive. Weak cash conversion may impact future growth. Reported earnings may not be strongly supported by cash generation. High leverage may reduce flexibility. Key concern: high leverage levels. Overall rating: Weak.
NTPC,Weak,35.75,No major strengths identified,High leverage levels; Weak cash conversion; Low earnings quality,18.75,Weak,40,HIGH,Weak,40,NTPC demonstrates stable operating profile. Operating cash flow remains positive. Weak cash conversion may impact future growth. Reported earnings may not be strongly supported by cash generation. High leverage may reduce flexibility. Key concern: high leverage levels. Overall rating: Weak.
DLF,Weak,35.5,Conservative balance sheet; Strong profit growth,Slow revenue growth; Low shareholder returns; Weak cash conversion; Low earnings quality,37.5,Weak,40,HIGH,Poor,30,DLF demonstrates conservative balance sheet. Operating cash flow remains positive. Weak cash conversion may impact future growth. Reported earnings may not be strongly supported by cash generation. Low shareholder returns. Weak capital efficiency. Balance sheet remains conservative. Key concern: slow revenue growth. Overall rating: Weak.
ADANIGREEN,Weak,35.5,Healthy revenue growth,High leverage levels; Weak interest coverage; Weak cash conversion; Low earnings quality; High capital expenditure requirements,37.5,Weak,40,HIGH,Poor,30,ADANIGREEN demonstrates healthy revenue growth. Operating cash flow remains positive. Weak cash conversion may impact future growth. Reported earnings may not be strongly supported by cash generation. High leverage may reduce flexibility. Business requires significant capital investment. Key concern: high leverage levels. Overall rating: Weak.
BAJAJFINSV,Weak,34.75,Strong return on equity; Healthy revenue growth; Strong profit growth,High leverage levels; Weak interest coverage; Weak cash conversion; Low earnings quality,43.75,Poor,0,HIGH,Strong,65,BAJAJFINSV demonstrates strong return on equity. Negative operating cash flow is a warning sign. Weak cash conversion may impact future growth. Reported earnings may not be strongly supported by cash generation. Strong shareholder returns. High leverage may reduce flexibility. Business requires modest capital investment. Key concern: high leverage levels. Overall rating: Weak.
ADANIENT,Weak,34.75,Healthy revenue growth; Strong profit growth,High leverage levels; Weak interest coverage; Low shareholder returns; Weak cash conversion; Low earnings quality,43.75,Weak,40,HIGH,Poor,25,ADANIENT demonstrates healthy revenue growth. Operating cash flow remains positive. Weak cash conversion may impact future growth. Reported earnings may not be strongly supported by cash generation. Low shareholder returns. High leverage may reduce flexibility. Key concern: high leverage levels. Overall rating: Weak.
GODREJCP,Weak,34.25,Conservative balance sheet,Weak interest coverage; Low shareholder returns; Weak cash conversion; Low earnings quality,31.25,Weak,40,HIGH,Poor,30,GODREJCP demonstrates conservative balance sheet. Operating cash flow remains positive. Weak cash conversion may impact future growth. Reported earnings may not be strongly supported by cash generation. Low shareholder returns. Weak capital efficiency. Balance sheet remains conservative. Key concern: weak interest coverage. Overall rating: Weak.
NAUKRI,Weak,34.0,Conservative balance sheet; Healthy revenue growth; Strong interest coverage,Low shareholder returns; Weak profit growth; Weak cash conversion; Low earnings quality; High capital expenditure requirements,50.0,Weak,40,HIGH,Poor,20,NAUKRI demonstrates conservative balance sheet. Operating cash flow remains positive. Weak cash conversion may impact future growth. Reported earnings may not be strongly supported by cash generation. Low shareholder returns. Weak capital efficiency. Balance sheet remains conservative. Business requires significant capital investment. Key concern: low shareholder returns. Overall rating: Weak.
RELIANCE,Weak,33.75,No major strengths identified,Low shareholder returns; Weak cash conversion; Low earnings quality,18.75,Weak,40,HIGH,Weak,35,RELIANCE demonstrates stable operating profile. Operating cash flow remains positive. Weak cash conversion may impact future growth. Reported earnings may not be strongly supported by cash generation. Low shareholder returns. Key concern: low shareholder returns. Overall rating: Weak.
TVSMOTOR,Weak,33.5,Strong return on equity; Strong profit growth,High leverage levels; Weak interest coverage; Weak cash conversion; Low earnings quality,37.5,Poor,0,HIGH,Strong,65,TVSMOTOR demonstrates strong return on equity. Negative operating cash flow is a warning sign. Weak cash conversion may impact future growth. Reported earnings may not be strongly supported by cash generation. Strong shareholder returns. High leverage may reduce flexibility. Business requires modest capital investment. Key concern: high leverage levels. Overall rating: Weak.
TATASTEEL,Weak,33.0,No major strengths identified,Weak interest coverage; Low shareholder returns; Weak cash conversion; Low earnings quality,25.0,Weak,40,HIGH,Poor,30,TATASTEEL demonstrates stable operating profile. Operating cash flow remains positive. Weak cash conversion may impact future growth. Reported earnings may not be strongly supported by cash generation. Low shareholder returns. Weak capital efficiency. Business requires modest capital investment. Key concern: weak interest coverage. Overall rating: Weak.
NHPC,Weak,32.25,Strong interest coverage,Slow revenue growth; Weak cash conversion; Low earnings quality; High capital expenditure requirements,31.25,Weak,40,HIGH,Poor,25,NHPC demonstrates strong interest coverage. Operating cash flow remains positive. Weak cash conversion may impact future growth. Reported earnings may not be strongly supported by cash generation. Weak capital efficiency. Business requires significant capital investment. Key concern: slow revenue growth. Overall rating: Weak.
KOTAKBANK,Weak,32.25,Strong profit growth,High leverage levels; Weak interest coverage; Weak cash conversion; Low earnings quality,31.25,Weak,40,HIGH,Poor,25,KOTAKBANK demonstrates strong profit growth. Operating cash flow remains positive. Weak cash conversion may impact future growth. Reported earnings may not be strongly supported by cash generation. Weak capital efficiency. High leverage may reduce flexibility. Key concern: high leverage levels. Overall rating: Weak.
JSWENERGY,Weak,32.0,Strong profit growth,High leverage levels; Weak interest coverage; Slow revenue growth; Low shareholder returns; Weak cash conversion; Low earnings quality; High capital expenditure requirements,50.0,Weak,40,HIGH,Poor,15,JSWENERGY demonstrates strong profit growth. Operating cash flow remains positive. Weak cash conversion may impact future growth. Reported earnings may not be strongly supported by cash generation. Low shareholder returns. High leverage may reduce flexibility. Business requires significant capital investment. Key concern: high leverage levels. Overall rating: Weak.
ADANIENSOL,Weak,32.0,Healthy revenue growth; Strong profit growth,High leverage levels; Weak interest coverage; Low shareholder returns; Weak cash conversion; Low earnings quality; High capital expenditure requirements,50.0,Weak,40,HIGH,Poor,15,ADANIENSOL demonstrates healthy revenue growth. Operating cash flow remains positive. Weak cash conversion may impact future growth. Reported earnings may not be strongly supported by cash generation. Low shareholder returns. High leverage may reduce flexibility. Business requires significant capital investment. Key concern: high leverage levels. Overall rating: Weak.
ICICIBANK,Weak,30.75,Healthy revenue growth; Strong profit growth,High leverage levels; Weak interest coverage; Weak cash conversion; Low earnings quality; High capital expenditure requirements,43.75,Weak,40,HIGH,Poor,15,ICICIBANK demonstrates healthy revenue growth. Operating cash flow remains positive. Weak cash conversion may impact future growth. Reported earnings may not be strongly supported by cash generation. Weak capital efficiency. High leverage may reduce flexibility. Business requires significant capital investment. Key concern: high leverage levels. Overall rating: Weak.
PFC,Poor,27.5,Strong return on equity; Strong profit growth,High leverage levels; Weak interest coverage; Weak cash conversion; Low earnings quality,37.5,Poor,0,HIGH,Average,50,PFC demonstrates strong return on equity. Negative operating cash flow is a warning sign. Weak cash conversion may impact future growth. Reported earnings may not be strongly supported by cash generation. Strong shareholder returns. Weak capital efficiency. High leverage may reduce flexibility. Business requires modest capital investment. Key concern: high leverage levels. Overall rating: Poor.
RECLTD,Poor,27.5,Strong return on equity; Strong profit growth,High leverage levels; Weak interest coverage; Weak cash conversion; Low earnings quality,37.5,Poor,0,HIGH,Average,50,RECLTD demonstrates strong return on equity. Negative operating cash flow is a warning sign. Weak cash conversion may impact future growth. Reported earnings may not be strongly supported by cash generation. Strong shareholder returns. Weak capital efficiency. High leverage may reduce flexibility. Business requires modest capital investment. Key concern: high leverage levels. Overall rating: Poor.
M&M,Poor,25.0,Strong profit growth,High leverage levels; Weak cash conversion; Low earnings quality,25.0,Poor,0,HIGH,Average,50,M&M demonstrates strong profit growth. Negative operating cash flow is a warning sign. Weak cash conversion may impact future growth. Reported earnings may not be strongly supported by cash generation. High leverage may reduce flexibility. Business requires modest capital investment. Key concern: high leverage levels. Overall rating: Poor.
BHEL,Poor,24.75,Conservative balance sheet,Weak interest coverage; Slow revenue growth; Low shareholder returns; Weak profit growth; Weak cash conversion; Low earnings quality,43.75,Poor,0,HIGH,Weak,40,BHEL demonstrates conservative balance sheet. Negative operating cash flow is a warning sign. Weak cash conversion may impact future growth. Reported earnings may not be strongly supported by cash generation. Low shareholder returns. Weak capital efficiency. Balance sheet remains conservative. Business requires modest capital investment. Key concern: weak interest coverage. Overall rating: Poor.
BANKBARODA,Poor,21.5,Healthy revenue growth; Strong profit growth,High leverage levels; Weak interest coverage; Weak cash conversion; Low earnings quality,37.5,Poor,0,HIGH,Weak,35,BANKBARODA demonstrates healthy revenue growth. Negative operating cash flow is a warning sign. Weak cash conversion may impact future growth. Reported earnings may not be strongly supported by cash generation. Weak capital efficiency. High leverage may reduce flexibility. Business requires modest capital investment. Key concern: high leverage levels. Overall rating: Poor.
INDUSINDBK,Poor,21.5,Healthy revenue growth; Strong profit growth,High leverage levels; Weak interest coverage; Weak cash conversion; Low earnings quality,37.5,Poor,0,HIGH,Weak,35,INDUSINDBK demonstrates healthy revenue growth. Negative operating cash flow is a warning sign. Weak cash conversion may impact future growth. Reported earnings may not be strongly supported by cash generation. Weak capital efficiency. High leverage may reduce flexibility. Business requires modest capital investment. Key concern: high leverage levels. Overall rating: Poor.
SHRIRAMFIN,Poor,21.5,Healthy revenue growth; Strong profit growth,High leverage levels; Weak interest coverage; Weak cash conversion; Low earnings quality,37.5,Poor,0,HIGH,Weak,35,SHRIRAMFIN demonstrates healthy revenue growth. Negative operating cash flow is a warning sign. Weak cash conversion may impact future growth. Reported earnings may not be strongly supported by cash generation. Weak capital efficiency. High leverage may reduce flexibility. Business requires modest capital investment. Key concern: high leverage levels. Overall rating: Poor.
GRASIM,Poor,21.0,Strong profit growth,High leverage levels; Weak cash conversion; Low earnings quality,25.0,Poor,0,HIGH,Weak,40,GRASIM demonstrates strong profit growth. Negative operating cash flow is a warning sign. Weak cash conversion may impact future growth. Reported earnings may not be strongly supported by cash generation. High leverage may reduce flexibility. Key concern: high leverage levels. Overall rating: Poor.
AXISBANK,Poor,20.25,Strong profit growth,High leverage levels; Weak interest coverage; Weak cash conversion; Low earnings quality,31.25,Poor,0,HIGH,Weak,35,AXISBANK demonstrates strong profit growth. Negative operating cash flow is a warning sign. Weak cash conversion may impact future growth. Reported earnings may not be strongly supported by cash generation. Weak capital efficiency. High leverage may reduce flexibility. Business requires modest capital investment. Key concern: high leverage levels. Overall rating: Poor.
BAJFINANCE,Poor,17.5,Healthy revenue growth; Strong profit growth; Strong interest coverage,High leverage levels; Weak cash conversion; Low earnings quality,37.5,Poor,0,HIGH,Poor,25,BAJFINANCE demonstrates healthy revenue growth. Negative operating cash flow is a warning sign. Weak cash conversion may impact future growth. Reported earnings may not be strongly supported by cash generation. Weak capital efficiency. High leverage may reduce flexibility. Key concern: high leverage levels. Overall rating: Poor.
CHOLAFIN,Poor,17.5,Healthy revenue growth; Strong profit growth; Strong interest coverage,High leverage levels; Weak cash conversion; Low earnings quality,37.5,Poor,0,HIGH,Poor,25,CHOLAFIN demonstrates healthy revenue growth. Negative operating cash flow is a warning sign. Weak cash conversion may impact future growth. Reported earnings may not be strongly supported by cash generation. Weak capital efficiency. High leverage may reduce flexibility. Key concern: high leverage levels. Overall rating: Poor.
JIOFIN,Poor,15.5,Conservative balance sheet; Strong interest coverage,Low shareholder returns; Weak cash conversion; Low earnings quality; High capital expenditure requirements,37.5,Poor,0,HIGH,Poor,20,JIOFIN demonstrates conservative balance sheet. Negative operating cash flow is a warning sign. Weak cash conversion may impact future growth. Reported earnings may not be strongly supported by cash generation. Low shareholder returns. Weak capital efficiency. Balance sheet remains conservative. Business requires significant capital investment. Key concern: low shareholder returns. Overall rating: Poor.
